{"5": {"nrmse": 0.5035000000000001, "col_1_error_rate": 0.3351, "col_3_error_rate": 0.23944000000000001, "col_5_error_rate": 0.153, "col_6_error_rate": 0.67832, "col_7_error_rate": 0.17581999999999998, "col_8_error_rate": 0.09716, "col_9_error_rate": 0.10754, "col_13_error_rate": 0.06712, "col_14_error_rate": 0.15360000000000001, "total_error_rate": 0.21797999999999998, "clf_aucroc": 0.8798200000000002}, "10": {"nrmse": 0.53556, "col_1_error_rate": 0.38732, "col_3_error_rate": 0.273, "col_5_error_rate": 0.19660000000000002, "col_6_error_rate": 0.67748, "col_7_error_rate": 0.20407999999999998, "col_8_error_rate": 0.09278000000000002, "col_9_error_rate": 0.11234000000000002, "col_13_error_rate": 0.056819999999999996, "col_14_error_rate": 0.13738, "total_error_rate": 0.23723999999999998, "clf_aucroc": 0.87894}, "15": {"nrmse": 0.53304, "col_1_error_rate": 0.36126, "col_3_error_rate": 0.26164, "col_5_error_rate": 0.22000000000000003, "col_6_error_rate": 0.7235400000000001, "col_7_error_rate": 0.18668, "col_8_error_rate": 0.08484, "col_9_error_rate": 0.12314, "col_13_error_rate": 0.09154, "col_14_error_rate": 0.17441999999999996, "total_error_rate": 0.25042, "clf_aucroc": 0.8828799999999999}, "20": {"nrmse": 0.5241800000000001, "col_1_error_rate": 0.39360000000000006, "col_3_error_rate": 0.31189999999999996, "col_5_error_rate": 0.23403999999999997, "col_6_error_rate": 0.7420599999999999, "col_7_error_rate": 0.27586, "col_8_error_rate": 0.08641999999999998, "col_9_error_rate": 0.14352, "col_13_error_rate": 0.06416000000000001, "col_14_error_rate": 0.16709999999999997, "total_error_rate": 0.26648, "clf_aucroc": 0.8730399999999999}, "config": {"model": "DSAN", "rep_dim": 32, "num_heads": 8, "n_hidden": 2, "lr": 0.003, "weight_decay": 1e-05, "batch_size": 128, "epochs": 10, "noise_percent": 10, "stopped_epoch": 10}, "dataset": "adult"}