{"5": {"nrmse": 0.96098, "col_1_error_rate": 0.46015999999999996, "col_2_error_rate": 0.4679399999999999, "col_7_error_rate": 0.30898000000000003, "col_8_error_rate": 0.4380800000000001, "col_10_error_rate": 0.1449, "total_error_rate": 0.36442, "clf_aucroc": 0.76508}, "10": {"nrmse": 0.9711000000000001, "col_1_error_rate": 0.47783999999999993, "col_2_error_rate": 0.45848000000000005, "col_7_error_rate": 0.30970000000000003, "col_8_error_rate": 0.45526, "col_10_error_rate": 0.16302, "total_error_rate": 0.37316, "clf_aucroc": 0.7644}, "15": {"nrmse": 0.96922, "col_1_error_rate": 0.46715999999999996, "col_2_error_rate": 0.47117999999999993, "col_7_error_rate": 0.31126, "col_8_error_rate": 0.44894, "col_10_error_rate": 0.15922, "total_error_rate": 0.37092, "clf_aucroc": 0.7615999999999999}, "20": {"nrmse": 0.9799, "col_1_error_rate": 0.48906, "col_2_error_rate": 0.47307999999999995, "col_7_error_rate": 0.32884, "col_8_error_rate": 0.45874000000000004, "col_10_error_rate": 0.16743999999999998, "total_error_rate": 0.38408, "clf_aucroc": 0.7646000000000001}, "config": {"model": "DSAN", "rep_dim": 16, "num_heads": 4, "n_hidden": 6, "dropout": 0.3, "lr": 0.003, "weight_decay": 1e-05, "batch_size": 128, "epochs": 30, "noise_percent": 40, "stopped_epoch": 10}, "dataset": "churn"}