{"5": {"nrmse": 0.9948, "col_1_error_rate": 0.5030600000000001, "col_2_error_rate": 0.44525999999999993, "col_7_error_rate": 0.28586000000000006, "col_8_error_rate": 0.49239999999999995, "col_10_error_rate": 0.20318, "total_error_rate": 0.38658000000000003, "clf_aucroc": 0.7661399999999999}, "10": {"nrmse": 1.0030800000000002, "col_1_error_rate": 0.49901999999999996, "col_2_error_rate": 0.45898000000000005, "col_7_error_rate": 0.29706, "col_8_error_rate": 0.48272000000000004, "col_10_error_rate": 0.20036, "total_error_rate": 0.38798000000000005, "clf_aucroc": 0.7666999999999999}, "15": {"nrmse": 0.9972, "col_1_error_rate": 0.48482000000000003, "col_2_error_rate": 0.44921999999999995, "col_7_error_rate": 0.29034, "col_8_error_rate": 0.47864000000000007, "col_10_error_rate": 0.20600000000000002, "total_error_rate": 0.38130000000000003, "clf_aucroc": 0.7650199999999999}, "20": {"nrmse": 1.00304, "col_1_error_rate": 0.50378, "col_2_error_rate": 0.44714, "col_7_error_rate": 0.29354, "col_8_error_rate": 0.48392, "col_10_error_rate": 0.20649999999999996, "total_error_rate": 0.38774000000000003, "clf_aucroc": 0.7673599999999999}, "config": {"model": "Statistics"}, "dataset": "churn"}