{"5": {"nrmse": 0.98436, "col_1_error_rate": 0.46204, "col_2_error_rate": 0.45576, "col_7_error_rate": 0.30148, "col_8_error_rate": 0.45422, "col_10_error_rate": 0.1471, "total_error_rate": 0.36435999999999996, "clf_aucroc": 0.76506}, "10": {"nrmse": 1.00046, "col_1_error_rate": 0.46440000000000003, "col_2_error_rate": 0.4572, "col_7_error_rate": 0.30832000000000004, "col_8_error_rate": 0.44878, "col_10_error_rate": 0.15084, "total_error_rate": 0.36629999999999996, "clf_aucroc": 0.7638999999999999}, "15": {"nrmse": 1.0035599999999998, "col_1_error_rate": 0.47153999999999996, "col_2_error_rate": 0.46796, "col_7_error_rate": 0.3076, "col_8_error_rate": 0.45872, "col_10_error_rate": 0.15384000000000003, "total_error_rate": 0.37136, "clf_aucroc": 0.7621800000000001}, "20": {"nrmse": 1.02938, "col_1_error_rate": 0.49589999999999995, "col_2_error_rate": 0.47212000000000004, "col_7_error_rate": 0.3136, "col_8_error_rate": 0.45736, "col_10_error_rate": 0.16346, "total_error_rate": 0.38124, "clf_aucroc": 0.7633}, "config": {"model": "MissForest"}, "dataset": "churn"}