{"5": {"nrmse": 0.60384, "col_10_error_rate": 0.58428, "col_11_error_rate": 0.23144, "col_12_error_rate": 0.21647999999999995, "col_13_error_rate": 0.63794, "col_14_error_rate": 0.60268, "col_15_error_rate": 0.12306000000000002, "col_16_error_rate": 0.22820000000000001, "col_17_error_rate": 0.10188, "total_error_rate": 0.33868, "clf_aucroc": 0.8951800000000001}, "10": {"nrmse": 0.6504000000000001, "col_10_error_rate": 0.5926799999999999, "col_11_error_rate": 0.25822, "col_12_error_rate": 0.2032, "col_13_error_rate": 0.63878, "col_14_error_rate": 0.6148, "col_15_error_rate": 0.13108, "col_16_error_rate": 0.23124000000000003, "col_17_error_rate": 0.11183999999999998, "total_error_rate": 0.3473, "clf_aucroc": 0.8983000000000001}, "15": {"nrmse": 0.69146, "col_10_error_rate": 0.61464, "col_11_error_rate": 0.2746799999999999, "col_12_error_rate": 0.22088000000000002, "col_13_error_rate": 0.6388800000000001, "col_14_error_rate": 0.6254, "col_15_error_rate": 0.12467999999999999, "col_16_error_rate": 0.22962000000000002, "col_17_error_rate": 0.1109, "total_error_rate": 0.35392, "clf_aucroc": 0.89796}, "20": {"nrmse": 0.70862, "col_10_error_rate": 0.62612, "col_11_error_rate": 0.2973, "col_12_error_rate": 0.21742, "col_13_error_rate": 0.6380800000000001, "col_14_error_rate": 0.62962, "col_15_error_rate": 0.13130000000000003, "col_16_error_rate": 0.23112, "col_17_error_rate": 0.1167, "total_error_rate": 0.3604, "clf_aucroc": 0.8993400000000001}, "config": {"model": "MissForest"}, "dataset": "online"}