{"5": {"nrmse": 0.64438, "col_10_error_rate": 0.58698, "col_11_error_rate": 0.26192000000000004, "col_12_error_rate": 0.21524000000000001, "col_13_error_rate": 0.59178, "col_14_error_rate": 0.60804, "col_15_error_rate": 0.13082, "col_16_error_rate": 0.24123999999999998, "col_17_error_rate": 0.10824, "total_error_rate": 0.34107999999999994, "clf_aucroc": 0.89476}, "10": {"nrmse": 0.65672, "col_10_error_rate": 0.59438, "col_11_error_rate": 0.27677999999999997, "col_12_error_rate": 0.2358, "col_13_error_rate": 0.6017600000000001, "col_14_error_rate": 0.6170000000000001, "col_15_error_rate": 0.14626, "col_16_error_rate": 0.25522, "col_17_error_rate": 0.11961999999999999, "total_error_rate": 0.35548, "clf_aucroc": 0.89794}, "15": {"nrmse": 0.6762, "col_10_error_rate": 0.60432, "col_11_error_rate": 0.29012000000000004, "col_12_error_rate": 0.24082000000000003, "col_13_error_rate": 0.60404, "col_14_error_rate": 0.62288, "col_15_error_rate": 0.1361, "col_16_error_rate": 0.24594, "col_17_error_rate": 0.12042000000000001, "total_error_rate": 0.3571, "clf_aucroc": 0.89556}, "20": {"nrmse": 0.68406, "col_10_error_rate": 0.60474, "col_11_error_rate": 0.3047, "col_12_error_rate": 0.2192, "col_13_error_rate": 0.60462, "col_14_error_rate": 0.6276, "col_15_error_rate": 0.14476, "col_16_error_rate": 0.24688, "col_17_error_rate": 0.1267, "total_error_rate": 0.35944, "clf_aucroc": 0.89656}, "config": {"model": "DSAN", "rep_dim": 16, "num_heads": 4, "n_hidden": 6, "dropout": 0.3, "lr": 0.003, "weight_decay": 1e-05, "batch_size": 128, "epochs": 30, "noise_percent": 40, "stopped_epoch": 10}, "dataset": "online"}