{"5": {"nrmse": 1.0012, "col_10_error_rate": 0.7256600000000001, "col_11_error_rate": 0.4627800000000001, "col_12_error_rate": 0.35566, "col_13_error_rate": 0.59598, "col_14_error_rate": 0.6748000000000001, "col_15_error_rate": 0.13464, "col_16_error_rate": 0.2374, "col_17_error_rate": 0.16518, "total_error_rate": 0.41663999999999995, "clf_aucroc": 0.8889400000000001}, "10": {"nrmse": 0.9836199999999999, "col_10_error_rate": 0.7251199999999999, "col_11_error_rate": 0.45262, "col_12_error_rate": 0.35286, "col_13_error_rate": 0.60626, "col_14_error_rate": 0.68112, "col_15_error_rate": 0.14692, "col_16_error_rate": 0.23671999999999999, "col_17_error_rate": 0.16004000000000002, "total_error_rate": 0.41981999999999997, "clf_aucroc": 0.8869999999999999}, "15": {"nrmse": 0.98748, "col_10_error_rate": 0.7271199999999999, "col_11_error_rate": 0.45865999999999996, "col_12_error_rate": 0.3425, "col_13_error_rate": 0.60918, "col_14_error_rate": 0.6836, "col_15_error_rate": 0.13848000000000002, "col_16_error_rate": 0.2318, "col_17_error_rate": 0.1519, "total_error_rate": 0.417, "clf_aucroc": 0.87956}, "20": {"nrmse": 0.9946999999999999, "col_10_error_rate": 0.72914, "col_11_error_rate": 0.45986000000000005, "col_12_error_rate": 0.34794, "col_13_error_rate": 0.6082000000000001, "col_14_error_rate": 0.6779, "col_15_error_rate": 0.14414, "col_16_error_rate": 0.23344, "col_17_error_rate": 0.152, "total_error_rate": 0.41859999999999997, "clf_aucroc": 0.87652}, "config": {"model": "Statistics"}, "dataset": "online"}